id,label
0,Zaid Abdul-Aziz
1,Kareem Abdul-Jabbar*
2,Don Adams
3,Rick Adelman
4,Lucius Allen
5,Dan Anderson
6,Tiny Archibald*
7,Jim Ard
8,Dennis Awtrey
9,Gus Bailey
10,Mike Bantom
11,Jim Barnett
12,Rick Barry*
13,Butch Beard
14,Zelmo Beaty*
15,Ron Behagen
18,Leon Benbow
19,Henry Bibby
20,Dave Bing*
22,Tom Boerwinkle
23,Freddie Boyd
26,Bill Bradley*
27,Jim Brewer
30,Allan Bristow
31,Gary Brokaw
32,Fred Brown
33,John Brown
34,Tom Burleson
35,Corky Calhoun
36,Austin Carr
37,Fred Carter
38,Harvey Catchings
39,Don Chaney
40,Ken Charles
41,Phil Chenier
42,Jim Chones
43,Archie Clark
44,Jim Cleamons
45,Barry Clemens
47,E.C. Coleman
48,Doug Collins
49,Mel Counts
50,Dave Cowens*
51,Billy Cunningham*
54,Bob Dandridge
56,Dwight Davis
57,Jim Davis
58,Mel Davis
59,Mickey Davis
60,Rod Derline
61,Derrek Dickey
62,Ernie DiGregorio
64,John Drew
66,Charles Dudley
69,Al Eberhard
70,Leroy Ellis
71,Keith Erickson
73,Chris Ford
74,Fred Foster
75,Jim Fox
76,Walt Frazier*
78,Rowland Garrett
79,John Gianelli
80,Dick Gibbs
81,Herm Gilliam
82,Gail Goodrich*
83,Leonard Gray
85,Matt Guokas
86,Happy Hairston
89,Clem Haskins
90,John Havlicek*
91,Steve Hawes
92,Connie Hawkins*
93,Nate Hawthorne
94,Elvin Hayes*
95,Spencer Haywood*
96,Gar Heard
97,Tom Henderson
99,Lou Hudson
102,Phil Jackson*
104,Aaron James
105,Charles Johnson
106,George Johnson
107,John Johnson
108,Mickey Johnson
109,Ollie Johnson
110,Dwight Jones
111,Jimmy Jones
117,Tom Kozelko
118,Steve Kuberski
119,Kevin Kunnert
120,Sam Lacey
121,Bob Lanier*
122,Stu Lantz
123,Clyde Lee
126,Bob Love
128,Phil Lumpkin
129,Pete Maravich*
130,Jack Marin
131,LaRue Martin
133,Bob McAdoo*
134,Glenn McDonald
135,Jon McGlocklin
137,Jim McMillian
138,Larry McNeill
139,Cliff Meely
140,Gary Melchionni
141,Dean Meminger
142,John Mengelt
143,Steve Mix
144,Eric Money
145,Earl Monroe*
146,Otto Moore
147,Jeff Mullins
148,Calvin Murphy*
149,Lloyd Neal
150,Don Nelson*
151,Louie Nelson
152,Mike Newlin
153,Connie Norman
154,Willie Norwood
156,Steve Patterson
157,Curtis Perry
158,Geoff Petrie
159,Howard Porter
160,Kevin Porter
161,Jim Price
162,Ed Ratleff
163,Clifford Ray
164,Kevin Restani
166,Pat Riley*
167,Ron Riley
168,Mike Riordan
169,Rick Roberson
170,Truck Robinson
171,Curtis Rowe
174,Campy Russell
175,Cazzie Russell
176,Fred Saunders
177,Dale Schlueter
178,Charlie Scott
179,Paul Silas
180,Tal Skinner
181,Jerry Sloan*
182,Bingo Smith
184,Elmore Smith
185,Greg Smith
186,Phil Smith
187,Randy Smith
188,Dick Snyder
189,Mike Sojourner
190,Kevin Stacom
191,Bud Stallworth
193,Larry Steele
194,George Thompson
195,Nate Thurmond*
197,Rudy Tomjanovich
198,George Trapp
200,Wes Unseld*
201,Dick Van
202,Tom Van
203,Norm Van
204,Neal Walk
205,Chet Walker*
206,Foots Walker
207,Jimmy Walker
208,Bill Walton*
210,Cornell Warner
211,Jim Washington
212,Kermit Washington
214,Slick Watts
215,Nick Weatherspoon
216,Scott Wedman
217,Bob Weiss
220,Paul Westphal
221,John Wetzel
222,Jo Jo
223,Sidney Wicks
224,Lenny Wilkens*
225,Jamaal Wilkes*
226,Earl Williams
227,Nate Williams
229,Bobby Wilson
230,Lee Winfield
231,Harthorne Wingo
232,Brian Winters
234,Dave Wohl
235,Alvan Adams
239,Tom Boswell
240,Junior Bridgeman
242,Joe Bryant
245,Darryl Dawkins
247,Eric Fernsten
249,Don Ford
250,World B.
251,Donnie Freeman
252,Kevin Grevey
253,Bob Gross
255,Glenn Hansen
256,Robert Hawkins
257,Wilbur Holland
258,Lionel Hollins
261,Rich Kelley
263,C.J. Kupec
264,John Lambert
265,John Laskowski
267,Clyde Mayes
270,Jim McElroy
271,George McGinnis
272,Tom McMillen
273,Joe Meriweather
274,Dave Meyers
275,Frank Oleynick
276,Cliff Pondexter
277,Bill Robinzine
278,John Roche
279,Bruce Seals
282,John Shumate
283,Ricky Sobers
285,Rudy White
286,Gus Williams
287,Bill Willoughby
288,Tom Abernethy
289,Bird Averitt
290,Tom Barker
291,Marvin Barnes
293,Mike Barr
294,Tim Bassett
296,Mel Bennett
297,Ron Boone
298,Quinn Buckner
300,Don Buse
301,Mack Calvin
302,M.L. Carr
305,Louie Dampier*
307,Adrian Dantley*
308,Johnny Davis
311,Coby Dietrick
312,Leon Douglas
313,Mike Dunleavy
314,Jim Eakins
315,Len Elmore
317,Alex English*
318,Julius Erving*
320,Mike Flynn
321,Terry Furlow
322,Mike Gale
323,Gus Gerard
324,George Gervin*
325,Artis Gilmore*
326,Mike Green
327,Steve Green
328,Paul Griffin
331,Armond Hill
332,Darnell Hillman
334,Kim Hughes
335,Dan Issel*
336,Dennis Johnson*
337,Bobby Jones
338,Caldwell Jones
340,Robin Jones
341,Wil Jones
344,Larry Kenon
345,Billy Knight
346,Mitch Kupchak
347,Bo Lamar
348,Mo Layton
349,Ron Lee
351,Scott Lloyd
352,John Lucas
353,Maurice Lucas
354,Moses Malone*
355,Scott May
356,Andre McCarter
357,Ted McClain
360,Swen Nater
361,Johnny Neumann
362,Mark Olberding
363,Tom Owens
365,Robert Parish*
366,Sonny Parker
367,Billy Paultz
369,Dave Robisch
371,Dan Roundfield
373,Lonnie Shelton
374,James Silas
375,Ralph Simpson
376,Al Skinner
377,Willie Smith
379,Earl Tatum
380,Brian Taylor
381,Fatty Taylor
382,Ira Terrell
383,Chuck Terry
385,David Thompson*
387,Dave Twardzik
388,Jan Van
390,Wally Walker
391,Lloyd Walton
393,Richard Washington
394,Marvin Webster
395,Bob Wilkerson
396,Chuck Williams
398,John Williamson
399,Willie Wise
400,Larry Wright
402,Greg Ballard
403,Kent Benson
404,Otis Birdsong
407,Alonzo Bradley
408,Mike Bratz
410,Kenny Carr
411,Bob Carrington
413,Charlie Criss
415,Brad Davis
416,Walter Davis
418,T.R. Dunn
419,James Edwards
420,Bo Ellis
422,Bayard Forrest
423,Mike Glenn
424,Glen Gondrezick
425,Rickey Green
427,Ernie Grunfeld
428,Joe Hassett
429,Eddie Johnson
430,Larry Johnson
431,Marques Johnson
432,Eddie Jordan
433,Bernard King*
434,Toby Knight
435,John Kuester
436,Tom LaGarde
437,Mark Landsberger
440,Cedric Maxwell
443,Bob Nash
444,Norm Nixon
446,Ben Poquette
447,Robert Reid
448,Anthony Roberts
449,Tony Robertson
450,Tree Rollins
451,Alvin Scott
453,Jack Sikma
455,Robert Smith
457,Wilson Washington
458,Ray Williams
462,Winford Boynes
463,Ron Brewer
465,Marty Byrnes
467,Maurice Cheeks
468,Michael Cooper
469,Wayne Cooper
470,Dave Corzine
473,Bob Elliott
475,Phil Ford
476,Jack Givens
479,James Hardy
480,Keith Herron
481,Kenny Higgs
484,Clemon Johnson
485,Jeff Judkins
486,Joel Kramer
487,Butch Lee
488,John Long
489,Billy McKinney
490,Mike Mitchell
492,Roger Phegley
493,Stan Pietkiewicz
495,Marlon Redmond
496,Micheal Ray
497,Rick Robey
501,Purvis Short
503,Reggie Theus
504,Mychal Thompson
505,Raymond Townsend
506,Terry Tyler
508,Jerome Whitehead
509,Freeman Williams
511,James Bailey
512,Billy Ray
513,Larry Bird*
515,Dudley Bradley
516,Bill Cartwright
517,Jeff Cook
518,Hollis Copeland
521,Pat Cummings
524,Larry Demic
525,Terry Duerod
527,Mike Evans
528,Gary Garland
529,Dave Greenwood
530,Roy Hamilton
531,Gerald Henderson
532,Johnny High
534,Phil Hubbard
535,Geoff Huston
536,Abdul Jeelani
538,Magic Johnson*
539,Vinnie Johnson
540,Major Jones
541,Greg Kelser
544,Reggie King
546,Allen Leavell
547,Ollie Mack
549,Paul Mokeski
550,Sidney Moncrief
551,Calvin Natt
553,Jim Paxson
555,Sam Pellom
556,Clint Richardson
557,Cliff Robinson
558,Jim Spanarkel
560,Duck Williams
561,Sly Williams
567,Michael Brooks
569,Rickey Brown
570,Joe Barry
571,Butch Carter
572,Reggie Carter
574,Don Collins
575,Darwin Cook
576,Earl Cureton
578,James Donaldson
579,Larry Drew
581,John Duren
583,Calvin Garrett
584,Mike Gminski
585,Darrell Griffith
586,Bill Hanzlik
588,Mike Harper
589,Cedrick Hordges
592,Reggie Johnson
593,Edgar Jones
598,Bill Laimbeer
600,Ronnie Lester
601,Kyle Macy
602,Rick Mahorn
603,Wes Matthews
606,Kevin McHale*
608,Johnny Moore
609,Lowes Moore
611,Carl Nicks
613,Mike O'Koren
614,Jawann Oldham
615,Louis Orr
619,Kelvin Ransey
622,Wayne Robinson
623,Lorenzo Romar
626,Jerry Sichting
627,Larry Smith
628,Rory Sparrow
630,Carlos Terry
631,Andrew Toney
633,Kiki Vandeweghe
635,Hawkeye Whitney
636,Michael Wiley
637,James Wilkes
638,Jeff Wilkins
639,Mike Woodson
641,Mark Aguirre
642,Danny Ainge
644,Gene Banks
645,Rolando Blackman
650,Jim Brogan
654,Tom Chambers
656,Charles Davis
657,Kenny Dennard
659,John Douglas
661,Franklin Edwards
662,Petur Gudmundsson
664,Steve Hayes
665,Tracy Jackson
667,Frank Johnson
668,Steve Johnson
669,Albert King
670,Jeff Lamp
672,Alton Lister
673,Lewis Lloyd
674,Kevin Loder
675,Rudy Macklin
677,Hank McDowell
678,Mike McGee
679,Kevin McKenna
680,Larry Nance
681,Kurt Nimphius
684,Kurt Rambis
685,Jeff Ruland
686,Danny Schayes
688,Larry Spriggs
689,Isiah Thomas*
690,Ray Tolbert
691,Kelly Tripucka
692,Elston Turner
693,Darnell Valentine
694,Pete Verhoeven
695,Jay Vincent
696,Danny Vranes
697,Buck Williams
698,Herb Williams
699,Sam Williams
701,Al Wood
703,Orlando Woolridge
706,J.J. Anderson
707,Richard Anderson
708,John Bagley
710,Lester Conner
712,Terry Cummings
713,Quintin Dailey
715,Mark Eaton
716,Jerry Eaves
718,Chris Engler
720,Sleepy Floyd
721,Bill Garnett
723,Scott Hastings
724,Rod Higgins
725,Craig Hodges
726,Marc Iavaroni
729,Clark Kellogg
730,Joe Kopicki
731,Fat Lever
732,Cliff Levingston
735,Mark McNamara
737,Ed Nealy
739,Audie Norris
741,Ricky Pierce
742,Charles Pittman
743,Paul Pressey
745,Walker Russell
746,Mike Sanders
747,Russ Schoene
748,Ed Sherod
750,Derek Smith
751,Brook Steppe
754,Terry Teagle
755,David Thirdkill
757,LaSalle Thompson
758,Darren Tillis
760,Trent Tucker
761,Bryan Warrick
762,Rory White
763,Dominique Wilkins*
765,Rob Williams
766,James Worthy*
769,Thurl Bailey
770,Randy Breuer
771,Wallace Bryant
776,Darren Daye
777,Clyde Drexler*
778,Craig Ehlo
779,Dale Ellis
780,Rod Foster
784,Sidney Green
785,Bob Hansen
786,Derek Harper
787,Roy Hinson
788,Charles Jones
790,Greg Kite
793,Sidney Lowe
794,Jeff Malone
795,Pace Mannion
796,Rodney McCray
800,John Paxson
804,Doc Rivers
805,Fred Roberts
806,Ralph Sampson*
807,Byron Scott
808,Steve Stipanovich
809,Jon Sundvold
811,Jim Thomas
812,Paul Thompson
813,Sedale Threatt
814,Granville Waiters
815,Darrell Walker
817,Mark West
818,Ennis Whatley
819,Mitchell Wiggins
820,Kevin Williams
822,Randy Wittman
823,Chuck Aleksinas
824,Ron Anderson
825,Ken Bannister
826,Charles Barkley*
828,Sam Bowie
829,Frank Brickowski
830,Tony Brown
831,Steve Burtt
832,Michael Cage
833,Tony Campbell
834,Rick Carlisle
835,Antoine Carr
837,Steve Colter
840,Kenny Fields
841,Vern Fleming
842,Lancaster Gordon
844,Stuart Gray
845,Mike Holton
846,Jay Humphries
850,Michael Jordan*
851,Jerome Kersey
852,Tim McCormick
854,Hakeem Olajuwon*
855,Sam Perkins
856,Jim Petersen
857,Gary Plummer
859,Alvin Robertson
866,Terence Stansbury
867,John Stockton*
869,Bernard Thompson
870,Otis Thorpe
871,Jeff Turner
872,Melvin Turpin
874,Eddie Lee
877,Kevin Willis
878,Othell Wilson
879,Leon Wood
880,Danny Young
882,Michael Adams
883,John Battle
884,Benoit Benjamin
885,Uwe Blab
886,Manute Bol
888,Terry Catledge
892,Tyrone Corbin
895,Joe Dumars*
896,Patrick Ewing*
898,A.C. Green
902,Steve Harris
909,Joe Kleine
910,Jon Koncak
911,Keith Lee
912,Karl Malone*
916,Xavier McDaniel
917,Ben McDonald
918,Chris McNealy
919,Dirk Minniefield
920,Perry Moss
921,Chris Mullin*
922,Charles Oakley
923,Michael Phelps
924,Ed Pinckney
925,Terry Porter
926,Blair Rasmussen
927,Jerry Reynolds
929,Detlef Schrempf
930,Carey Scurry
931,Mike Smrek
934,Bob Thornton
935,Wayman Tisdale
936,Sedric Toney
938,Sam Vincent
939,Spud Webb
940,Bill Wennington
941,Gerald Wilkins
944,Rafael Addison
945,Mark Alarie
946,William Bedford
947,Walter Berry
949,Adrian Branch
950,Mike Brown
951,Ben Coleman
952,Dell Curry
953,Brad Daugherty
954,Johnny Dawkins
956,Greg Dreiling
957,Kevin Duckworth
958,Dave Feitl
959,Kenny Gattison
960,Grant Gondrezick
961,Ron Harper
962,Cedric Henderson
965,Jeff Hornacek
967,Buck Johnson
969,Anthony Jones
970,Tim Kempton
972,Larry Krystkowiak
977,Nate McMillan
979,Pete Myers
980,Johnny Newman
982,Chuck Person
984,Harold Pressley
985,Mark Price
986,Dennis Rodman*
989,John Salley
990,Brad Sellers
992,Scott Skiles
995,Otis Smith
996,Roy Tarpley
997,Billy Thompson
998,Andre Turner
999,Kenny Walker
1001,Pearl Washington
1002,Hot Rod
1003,John Williams
1004,David Wingate
1007,Mark Acres
1008,Steve Alford
1009,Greg Anderson
1011,Vincent Askew
1013,Muggsy Bogues
1015,Dallas Comegys
1018,Chris Dudley
1019,Jim Farmer
1020,Tellis Frank
1021,Kevin Gamble
1022,Winston Garland
1023,Armen Gilliam
1024,Horace Grant
1026,Dave Hoppen
1027,Dennis Hopson
1028,Eddie Hughes
1029,Mark Jackson
1032,Kevin Johnson
1035,Reggie Lewis
1036,Brad Lohaus
1037,Derrick McKey
1038,Reggie Miller*
1042,Tod Murphy
1044,Ken Norman
1045,Scottie Pippen*
1046,Olden Polynice
1048,Scott Roth
1049,Brian Rowsom
1050,Kenny Smith
1056,Chris Welp
1060,Reggie Williams
1064,Joe Wolf
1068,Willie Anderson
1069,Ricky Berry
1070,Anthony Bowie
1071,Scott Brooks
1072,Mark Bryant
1075,Rex Chapman
1076,Derrick Chievous
1077,Mark Davis
1078,Vinny Del
1080,Ledell Eackles
1081,Kevin Edwards
1084,Duane Ferrell
1085,Anthony Frederick
1086,Corey Gaines
1087,Tom Garrick
1091,Gary Grant
1092,Harvey Grant
1093,Sylvester Gray
1094,Jeff Grayer
1095,Jack Haley
1096,Hersey Hawkins
1098,Avery Johnson
1101,Steve Kerr
1102,Randolph Keys
1103,Jerome Lane
1104,Andrew Lang
1105,Eric Leckner
1106,Jim Les
1108,Grant Long
1109,Dan Majerle
1110,Danny Manning
1111,Vernon Maxwell
1113,Chris Morris
1117,Will Perdue
1118,Tim Perry
1121,Mitch Richmond*
1123,David Rivers
1126,Rony Seikaly
1127,Charles Shackleford
1128,John Shasky
1129,Brian Shaw
1131,Charles Smith
1132,Rik Smits
1133,John Starks
1135,Rod Strickland
1138,Tom Tolbert
1139,Kelvin Upshaw
1140,Morlon Wiley
1141,Micheal Williams
1142,David Wood
1143,Nick Anderson
1144,Michael Ansley
1145,B.J. Armstrong
1146,Dana Barros
1147,Kenny Battle
1148,Winston Bennett
1149,Mookie Blaylock
1150,Chucky Brown
1155,Adrian Caldwell
1157,Terry Davis
1159,Vlade Divac
1160,Sherman Douglas
1162,Blue Edwards
1164,Sean Elliott
1165,Pervis Ellison
1166,Derrick Gervin
1167,Greg Grant
1169,Tom Hammonds
1170,Tim Hardaway
1174,Jaren Jackson
1177,Shawn Kemp
1179,Stacey King
1182,Tim Legler
1185,Todd Lichti
1187,Sarunas Marciulionis*
1188,Jeff Martin
1189,Anthony Mason
1190,Bob McCann
1192,George McCloud
1195,Sam Mitchell
1197,John Morton
1200,Kenny Payne
1201,Drazen Petrovic*
1202,Brian Quinnett
1203,J.R. Reid
1204,Glen Rice
1205,Pooh Richardson
1206,Clifford Robinson
1207,David Robinson*
1209,Donald Royal
1210,Delaney Rudd
1213,Michael Smith
1218,Alexander Volkov
1219,Doug West
1220,Randy White
1222,Haywoode Workman
1223,Alaa Abdelnaby
1224,Mahmoud Abdul-Rauf
1225,Keith Askins
1228,Lance Blanks
1229,Anthony Bonner
1230,Dee Brown
1231,Jud Buechler
1232,Matt Bullard
1233,Willie Burton
1235,Elden Campbell
1236,Duane Causwell
1237,Cedric Ceballos
1239,Derrick Coleman
1240,Bimbo Coles
1241,Anthony Cook
1243,Mario Elie
1244,A.J. English
1245,Danny Ferry
1246,Greg Foster
1247,Tate George
1248,Kendall Gill
1249,Gerald Glass
1253,Steve Henson
1254,Sean Higgins
1255,Tyrone Hill
1257,Henry James
1259,Alec Kessler
1260,Bo Kimble
1261,Negele Knight
1263,Marcus Liberty
1265,Tony Massenburg
1266,Travis Mays
1267,Terry Mills
1269,Jerrod Mustaf
1272,Brian Oliver
1273,Gerald Paddio
1275,Gary Payton*
1276,Kevin Pritchard
1277,Larry Robinson
1278,Rumeal Robinson
1280,Dwayne Schintzius
1281,Dennis Scott
1282,Lionel Simmons
1283,Tony Smith
1284,Felton Spencer
1287,Loy Vaught
1288,Stojko Vrankovic
1289,Jayson Williams
1290,Kenny Williams
1291,Scott Williams
1292,Trevor Wilson
1293,Kennard Winchester
1296,Victor Alexander
1297,Kenny Anderson
1298,Greg Anthony
1299,Stacey Augmon
1300,Isaac Austin
1302,David Benoit
1303,Terrell Brandon
1304,Kevin Brooks
1306,Randy Brown
1308,Pete Chilcutt
1309,Marty Conlon
1311,Chris Corchiani
1313,Dale Davis
1314,Bison Dele
1317,Rick Fox
1318,Chris Gatling
1319,Paul Graham
1321,Carl Herrera
1322,Donald Hodge
1323,Brian Howard
1325,Mike Iuzzolino
1328,Luc Longley
1329,Kevin Lynch
1330,Mark Macon
1333,Tracy Moore
1334,Eric Murdock
1335,Dikembe Mutombo*
1337,Billy Owens
1339,Robert Pack
1340,Elliot Perry
1341,Bobby Phills
1343,Stanley Roberts
1344,Doug Smith
1345,LaBradford Smith
1346,Steve Smith
1347,Larry Stewart
1348,Derek Strong
1350,Greg Sutton
1357,Anthony Avent
1358,Jon Barry
1359,Tony Bennett
1362,Walter Bond
1364,Doug Christie
1367,John Crotty
1369,Lloyd Daniels
1370,Hubert Davis
1371,Todd Day
1372,Richard Dumas
1374,LaPhonso Ellis
1375,Matt Geiger
1376,Litterial Green
1377,Tom Gugliotta
1379,Robert Horry
1380,Byron Houston
1382,Jim Jackson
1383,Keith Jennings
1386,Adam Keefe
1387,Christian Laettner
1388,Sam Mack
1389,Don MacLean
1390,Marlon Maxey
1391,Lee Mayberry
1392,Oliver Miller
1393,Harold Miner
1395,Alonzo Mourning*
1396,Tracy Murray
1398,Shaquille O'Neal*
1400,Doug Overton
1401,Anthony Peeler
1402,Brent Price
1404,Sean Rooks
1405,Malik Sealy
1406,Chris Smith
1409,Elmore Spencer
1410,Latrell Sprewell
1412,Bryant Stith
1414,Clarence Weatherspoon
1418,Lorenzo Williams
1419,Walt Williams
1420,Randy Woods
1422,Vin Baker
1423,Corie Blount
1424,Shawn Bradley
1425,P.J. Brown
1427,Scott Burrell
1428,Mitchell Butler
1429,Sam Cassell
1430,Calbert Cheaney
1431,Michael Curry
1432,Antonio Davis
1434,Terry Dehere
1436,Acie Earl
1439,Harold Ellis
1444,Greg Graham
1448,Anfernee Hardaway
1449,Lucious Harris
1450,Antonio Harvey
1453,Allan Houston
1454,Lindsey Hunter
1455,Bobby Hurley
1458,Ervin Johnson
1459,Popeye Jones
1461,Reggie Jordan
1463,Chris King
1464,Toni Kukoc
1465,George Lynch
1469,Jamal Mashburn
1471,Chris Mills
1473,Gheorghe Muresan
1474,Bo Outlaw
1477,Dino Radja
1478,Isaiah Rider
1479,Eric Riley
1480,James Robinson
1481,Rodney Rogers
1482,Bryon Russell
1485,Nick Van
1486,Rex Walters
1487,Chris Webber
1489,David Wesley
1490,Chris Whitney
1491,Aaron Williams
1493,Derrick Alston
1494,Darrell Armstrong
1499,Chris Childs
1500,Bill Curley
1501,Yinka Dare
1502,Tony Dumas
1503,Howard Eisley
1505,Brian Grant
1506,Darrin Hancock
1508,Grant Hill
1510,Juwan Howard
1512,Eddie Jones
1513,Jason Kidd
1514,Antonio Lang
1516,Donyell Marshall
1517,Darrick Martin
1518,Jim McIlvaine
1519,Aaron McKie
1520,Anthony Miller
1521,Greg Minor
1522,Eric Mobley
1523,Eric Montross
1525,Lamond Murray
1526,Ivano Newbill
1528,Wesley Person
1530,Eric Piatkowski
1531,Eldridge Recasner
1532,Khalid Reeves
1533,Glenn Robinson
1534,Carlos Rogers
1535,Jalen Rose
1536,Clifford Rozier
1537,Trevor Ruffin
1538,Dickey Simpkins
1539,Reggie Slater
1540,Mark Strickland
1542,Zan Tabak
1543,Brooks Thompson
1547,Charlie Ward
1548,Jamie Watson
1549,Monty Williams
1550,Dontonio Wingfield
1551,Sharone Wright
1552,Cory Alexander
1553,Jerome Allen
1554,John Amaechi
1555,Ashraf Amaya
1556,Brent Barry
1559,Travis Best
1564,Jason Caffey
1565,Chris Carr
1571,Sasha Danilovic
1572,Andrew DeClercq
1573,Tyus Edney
1575,Michael Finley
1577,Kevin Garnett
1578,Anthony Goldwire
1581,Alan Henderson
1582,Fred Hoiberg
1586,Voshon Lenard
1593,Antonio McDyess
1594,Loren Meyer
1595,Lawrence Moten
1598,Ed O'Bannon
1599,Greg Ostertag
1600,Cherokee Parks
1601,Theo Ratliff
1602,Bryant Reeves
1603,Don Reid
1605,Shawn Respert
1608,Arvydas Sabonis*
1609,Joe Smith
1610,Eric Snow
1611,Jerry Stackhouse
1612,Damon Stoudamire
1613,Bob Sura
1615,Kurt Thomas
1616,Gary Trent
1618,David Vaughn
1619,Rasheed Wallace
1622,Eric Williams
1623,Corliss Williamson
1624,George Zidek
1625,Shareef Abdur-Rahim
1626,Ray Allen
1627,Shandon Anderson
1629,Bruce Bowen
1632,Kobe Bryant
1633,Marcus Camby
1635,Erick Dampier
1637,Emanual Davis
1638,Tony Delk
1641,Brian Evans
1642,Jamie Feick
1643,Derek Fisher
1644,Todd Fuller
1645,Dean Garrett
1649,Darvin Ham
1651,Othella Harrington
1654,Mark Hendrickson
1655,Allen Iverson*
1656,Kerry Kittles
1657,Travis Knight
1659,Randy Livingston
1661,Matt Maloney
1662,Stephon Marbury
1663,Walter McCarty
1665,Jeff McInnis
1667,Steve Nash
1670,Moochie Norris
1671,Jermaine O'Neal
1673,Vitaly Potapenko
1674,Chris Robinson
1675,Roy Rogers
1676,Malik Rose
1685,Erick Strickland
1687,Antoine Walker
1688,Samaki Walker
1689,Ben Wallace
1690,John Wallace
1692,Jerome Williams
1693,Lorenzen Wright
1694,Tariq Abdul-Wahad
1695,Derek Anderson
1696,Chris Anstey
1698,Tony Battie
1699,Chauncey Billups
1702,Rick Brunson
1703,Kelvin Cato
1704,Keith Closs
1707,Chris Crawford
1708,Austin Croshere
1710,Antonio Daniels
1711,Tim Duncan
1712,Tony Farmer
1713,Danny Fortson
1714,Adonal Foyle
1715,Lawrence Funderburke
1722,Troy Hudson
1723,Zydrunas Ilgauskas
1724,Bobby Jackson
1725,Anthony Johnson
1727,Brevin Knight
1728,Rusty LaRue
1731,Tracy McGrady
1732,Ron Mercer
1736,Kevin Ollie
1737,Anthony Parker
1738,Scot Pollard
1739,Mark Pope
1740,Rodrick Rhodes
1744,Michael Stewart
1747,Maurice Taylor
1748,John Thomas
1749,Tim Thomas
1750,Keith Van
1751,Jacque Vaughn
1752,Eric Washington
1755,Alvin Williams
1761,Corey Benjamin
1762,Mike Bibby
1763,Earl Boykins
1766,Vince Carter
1767,Keon Clark
1768,Kornel David
1769,Ricky Davis
1770,Michael Dickerson
1771,Michael Doleac
1772,Bryce Drew
1774,Pat Garrity
1776,Matt Harpring
1777,Al Harrington
1779,Larry Hughes
1782,Jerome James
1783,Antawn Jamison
1784,Damon Jones
1786,Gerard King
1787,Raef LaFrentz
1788,Rashard Lewis
1789,Felipe Lopez
1790,Tyronn Lue
1791,Sean Marks
1793,Jelani McCoy
1794,Roshown McLeod
1795,Brad Miller
1796,Cuttino Mobley
1797,Nazr Mohammed
1798,Mikki Moore
1800,Tyrone Nesby
1801,Rasho Nesterovic
1802,Dirk Nowitzki
1803,Michael Olowokandi
1805,Ruben Patterson
1806,Paul Pierce
1811,Brian Skinner
1813,Vladimir Stepania
1814,Peja Stojakovic
1816,Robert Traylor
1817,Bonzi Wells
1819,Jahidi White
1820,Jason Williams
1821,Shammond Williams
1824,Rafer Alston
1825,Chucky Atkins
1826,William Avery
1827,Jonathan Bender
1828,Calvin Booth
1830,Cal Bowdler
1831,Ryan Bowen
1834,Elton Brand
1835,Greg Buckner
1836,Rodney Buford
1837,Anthony Carter
1839,Vonteego Cummings
1840,Baron Davis
1842,Obinna Ekezie
1843,Evan Eschmeyer
1844,Jeff Foster
1845,Steve Francis
1846,Devean George
1847,Dion Glover
1848,Adrian Griffin
1849,Richard Hamilton
1850,Chris Herren
1853,Jermaine Jackson
1857,Jumaine Jones
1859,Trajan Langdon
1860,Quincy Lewis
1861,Todd MacCulloch
1862,Corey Maggette
1863,Shawn Marion
1864,Andre Miller
1866,Lamar Odom
1867,Scott Padgett
1868,Milt Palacio
1869,James Posey
1870,Laron Profit
1873,Eddie Robinson
1874,Michael Ruffin
1875,Wally Szczerbiak
1876,Jason Terry
1878,Kenny Thomas
1882,Metta World
1884,Courtney Alexander
1887,Raja Bell
1888,Mark Blount
1889,Brian Cardinal
1890,Mateen Cleaves
1891,Jason Collier
1893,Jamal Crawford
1894,Keyon Dooling
1896,Marcus Fizer
1898,Eddie Gill
1900,A.J. Guyton
1901,Zendon Hamilton
1902,Jason Hart
1903,Donnell Harvey
1904,Eddie House
1905,Marc Jackson
1906,Stephen Jackson
1907,DerMarr Johnson
1909,Dan Langhi
1910,Art Long
1911,Mark Madsen
1912,Jamaal Magloire
1913,Kenyon Martin
1914,Desmond Mason
1917,Stanislav Medvedenko
1918,Chris Mihm
1919,Darius Miles
1920,Mike Miller
1921,Jerome Moiso
1922,Hanno Mottola
1924,Lee Nailon
1925,Eduardo Najera
1926,Ira Newble
1930,Morris Peterson
1931,Chris Porter
1933,Joel Przybilla
1934,Michael Redd
1935,Quentin Richardson
1940,Daniel Santiago
1941,Jabari Smith
1943,DeShawn Stevenson
1944,Stromile Swift
1946,Jake Tsakalidis
1947,Hedo Turkoglu
1949,Jake Voskuhl
1951,Wang Zhizhi
1952,Malik Allen
1953,Chris Andersen
1954,Gilbert Arenas
1956,Carlos Arroyo
1958,Shane Battier
1959,Charlie Bell
1961,Michael Bradley
1963,Primoz Brezec
1966,Kedrick Brown
1967,Kwame Brown
1968,Tierre Brown
1969,Tyson Chandler
1970,Speedy Claxton
1971,Jarron Collins
1972,Jason Collins
1974,Eddy Curry
1975,Samuel Dalembert
1976,DeSagana Diop
1977,Predrag Drobnjak
1978,Maurice Evans
1983,Tremaine Fowlkes
1984,Pau Gasol
1985,Eddie Griffin
1987,Trenton Hassell
1989,Brendan Haywood
1990,Steven Hunter
1991,Mike James
1992,Richard Jefferson
1993,Joe Johnson
1995,Andrei Kirilenko
1996,Terence Morris
1997,Troy Murphy
1999,Tony Parker
2000,Vladimir Radmanovic
2001,Zach Randolph
2002,Zeljko Rebraca
2003,Jason Richardson
2005,Jeryl Sasser
2006,Kenny Satterfield
2007,Brian Scalabrine
2008,Ansu Sesay
2009,Bobby Simmons
2011,Will Solomon
2012,Etan Thomas
2013,Jamaal Tinsley
2014,Oscar Torres
2017,Gerald Wallace
2018,Earl Watson
2019,Rodney White
2020,Loren Woods
2023,Mike Batiste
2024,Lonny Baxter
2025,Carlos Boozer
2026,J.R. Bremer
2027,Devin Brown
2028,Pat Burke
2029,Caron Butler
2030,Rasual Butler
2031,Dan Dickau
2032,Juan Dixon
2033,Melvin Ely
2034,Reggie Evans
2035,Dan Gadzuric
2036,Manu Ginobili
2037,Gordan Giricek
2038,Drew Gooden
2041,Junior Harrington
2043,Nene Hilario
2046,Casey Jacobsen
2047,Marko Jaric
2049,Jared Jeffries
2050,Fred Jones
2053,Roger Mason
2054,Yao Ming*
2055,Ronald Murray
2056,Bostjan Nachbar
2057,Mehmet Okur
2059,Jannero Pargo
2060,Smush Parker
2061,Tayshaun Prince
2066,Kareem Rush
2067,John Salmons
2072,Amar'e Stoudemire
2074,Nikoloz Tskitishvili
2075,Dajuan Wagner
2076,Jiri Welsch
2077,Chris Wilcox
2078,Mike Wilks
2080,Jay Williams
2081,Qyntel Woods
2082,Vincent Yarbrough
2083,Carmelo Anthony
2084,Marcus Banks
2085,Leandro Barbosa
2086,Matt Barnes
2089,Steve Blake
2090,Keith Bogans
2091,Curtis Borchardt
2092,Chris Bosh
2094,Zarko Cabarkapa
2095,Matt Carroll
2097,Brian Cook
2099,Marquis Daniels
2101,Boris Diaw
2103,Ronald Dupree
2105,Francisco Elson
2107,T.J. Ford
2108,Richie Frahm
2112,Willie Green
2115,Udonis Haslem
2116,Jarvis Hayes
2117,Kirk Hinrich
2118,Josh Howard
2120,LeBron James
2122,Linton Johnson
2123,Dahntay Jones
2124,James Jones
2125,Chris Kaman
2126,Jason Kapono
2127,Kyle Korver
2129,Raul Lopez
2130,Keith McLeod
2131,Darko Milicic
2132,Travis Outlaw
2133,Zaza Pachulia
2134,Sasha Pavlovic
2137,Kendrick Perkins
2138,Mickael Pietrus
2139,Zoran Planinic
2140,Luke Ridnour
2142,Darius Songaila
2143,Mike Sweetney
2144,Ime Udoka
2146,Dwyane Wade
2147,Luke Walton
2148,David West
2149,Mo Williams
2150,Tony Allen
2151,Rafael Araujo
2152,Trevor Ariza
2155,Andris Biedrins
2157,Matt Bonner
2162,Josh Childress
2163,Nick Collison
2165,Carlos Delfino
2166,Luol Deng
2167,Chris Duhon
2173,Ben Gordon
2174,Devin Harris
2175,David Harrison
2176,Dwight Howard
2177,Kris Humphries
2178,Andre Iguodala
2179,Didier Ilunga-Mbenga
2180,Royal Ivey
2182,Al Jefferson
2185,Viktor Khryapa
2187,Nenad Krstic
2189,Shaun Livingston
2190,Kevin Martin
2191,Jameer Nelson
2192,Andres Nocioni
2193,Emeka Okafor
2196,Justin Reed
2198,Bernard Robinson
2199,Quinton Ross
2202,J.R. Smith
2203,Josh Smith
2204,Kirk Snyder
2207,Robert Swift
2209,Sebastian Telfair
2212,Beno Udrih
2213,Anderson Varejao
2214,Jackson Vroman
2215,Sasha Vujacic
2216,Delonte West
2217,Damien Wilkins
2218,Dorell Wright
2220,Alan Anderson
2222,Earl Barron
2224,Brandon Bass
2226,Andray Blatche
2227,Andrew Bogut
2229,Andrew Bynum
2230,Will Bynum
2231,Jose Calderon
2232,Travis Diener
2233,Ike Diogu
2234,Monta Ellis
2235,Daniel Ewing
2237,Raymond Felton
2240,Channing Frye
2242,Francisco Garcia
2243,Ryan Gomes
2244,Joey Graham
2245,Stephen Graham
2246,Danny Granger
2248,Gerald Green
2249,Orien Greene
2251,Chuck Hayes
2252,Luther Head
2255,Jarrett Jack
2256,Sarunas Jasikevicius
2257,Amir Johnson
2259,Linas Kleiza
2261,David Lee
2264,Jason Maxiell
2265,Sean May
2266,Rashad McCants
2268,C.J. Miles
2271,Fabricio Oberto
2273,Chris Paul
2274,Johan Petro
2275,Josh Powell
2276,Ronnie Price
2277,Shavlik Randolph
2279,Lawrence Roberts
2280,Nate Robinson
2285,James Singleton
2286,Salim Stoudamire
2290,Ronny Turiaf
2291,Charlie Villanueva
2292,Von Wafer
2294,Hakim Warrick
2295,Martell Webster
2297,Deron Williams
2298,Lou Williams
2299,Marvin Williams
2300,Antoine Wright
2305,LaMarcus Aldridge
2306,Lou Amundson
2307,Hilton Armstrong
2309,Kelenna Azubuike
2310,Renaldo Balkman
2311,J.J. Barea
2312,Andrea Bargnani
2314,Josh Boone
2316,Ronnie Brewer
2318,Shannon Brown
2319,Rodney Carney
2320,Mardy Collins
2323,Yakhouba Diawara
2324,Quincy Douby
2325,Jordan Farmar
2327,Randy Foye
2328,Jorge Garbajosa
2329,Rudy Gay
2330,Mickael Gelabale
2331,Daniel Gibson
2335,Walter Herrmann
2337,Ryan Hollins
2339,Ersan Ilyasova
2340,Alexander Johnson
2341,Solomon Jones
2342,Tarence Kinsey
2344,Kyle Lowry
2350,Paul Millsap
2352,Adam Morrison
2354,Steve Novak
2357,Leon Powe
2359,Chris Quinn
2361,J.J. Redick
2363,Sergio Rodriguez
2364,Rajon Rondo
2365,Brandon Roy
2366,Thabo Sefolosha
2370,Craig Smith
2373,Tyrus Thomas
2374,P.J. Tucker
2378,Marcus Williams
2379,Shawne Williams
2380,Shelden Williams
2381,Arron Afflalo
2385,Joel Anthony
2386,Marco Belinelli
2387,Corey Brewer
2388,Aaron Brooks
2389,Wilson Chandler
2390,Mike Conley
2391,Daequan Cook
2392,Javaris Crittenton
2394,Glen Davis
2396,Jared Dudley
2397,Kevin Durant
2399,Kyrylo Fesenko
2401,Marcin Gortat
2402,Aaron Gray
2403,Jeff Green
2406,Spencer Hawes
2407,Al Horford
2408,Yi Jianlian
2410,Carl Landry
2413,Acie Law
2414,Ian Mahinmi
2415,Dominic McGuire
2416,Josh McRoberts
2417,Jamario Moon
2418,Juan Carlos
2420,Joakim Noah
2421,Oleksiy Pecherov
2427,Luis Scola
2428,Ramon Sessions
2430,Jason Smith
2432,Rodney Stuckey
2433,Al Thornton
2437,C.J. Watson
2439,Sean Williams
2440,Brandan Wright
2441,Julian Wright
2442,Nick Young
2443,Thaddeus Young
2444,Alexis Ajinca
2446,Ryan Anderson
2447,Darrell Arthur
2448,D.J. Augustin
2449,Nicolas Batum
2450,Jerryd Bayless
2451,Michael Beasley
2452,Bobby Brown
2453,Mario Chalmers
2455,Joey Dorsey
2456,Chris Douglas-Roberts
2457,Goran Dragic
2458,Rudy Fernandez
2459,Danilo Gallinari
2460,Marc Gasol
2462,Eric Gordon
2463,Donte Greene
2464,Hamed Haddadi
2466,Roy Hibbert
2467,J.J. Hickson
2468,George Hill
2471,Darnell Jackson
2475,DeAndre Jordan
2476,Kosta Koufos
2478,Courtney Lee
2479,Brook Lopez
2480,Robin Lopez
2481,Kevin Love
2482,Cartier Martin
2483,O.J. Mayo
2484,Luc Mbah
2485,JaVale McGee
2486,Anthony Morrow
2488,Greg Oden
2489,Anthony Randolph
2490,Derrick Rose
2491,Brandon Rush
2494,Marreese Speights
2496,Jason Thompson
2497,Anthony Tolliver
2499,Henry Walker
2500,Kyle Weaver
2501,Sonny Weems
2502,Russell Westbrook
2503,D.J. White
2504,Jawad Williams
2506,David Andersen
2508,Jeff Ayres
2509,Rodrigue Beaubois
2510,DeJuan Blair
2511,Jon Brockman
2512,Derrick Brown
2513,Chase Budinger
2514,DeMarre Carroll
2515,Omri Casspi
2516,Earl Clark
2517,Darren Collison
2518,Dante Cunningham
2520,Stephen Curry
2521,Austin Daye
2522,DeMar DeRozan
2523,Toney Douglas
2524,Wayne Ellington
2525,Tyreke Evans
2526,Jonny Flynn
2527,Sundiata Gaines
2528,Alonzo Gee
2529,Taj Gibson
2531,Danny Green
2533,Tyler Hansbrough
2534,James Harden
2535,Jordan Hill
2536,Jrue Holiday
2539,Serge Ibaka
2542,Brandon Jennings
2543,Jonas Jerebko
2544,James Johnson
2547,Ty Lawson
2548,Wesley Matthews
2549,Eric Maynor
2550,Jodie Meeks
2551,Patty Mills
2552,Byron Mullens
2553,A.J. Price
2556,Jeff Teague
2557,Garrett Temple
2558,Hasheem Thabeet
2559,Marcus Thornton
2560,Terrence Williams
2561,Sam Young
2562,Jeff Adrien
2564,Cole Aldrich
2565,Al-Farouq Aminu
2566,James Anderson
2567,Omer Asik
2568,Luke Babbitt
2569,Eric Bledsoe
2570,Trevor Booker
2572,Avery Bradley
2576,DeMarcus Cousins
2577,Jordan Crawford
2578,Ed Davis
2582,Jeremy Evans
2584,Christian Eyenga
2585,Derrick Favors
2586,Landry Fields
2587,Gary Forbes
2588,Paul George
2589,Blake Griffin
2591,Manny Harris
2592,Gordon Hayward
2594,Xavier Henry
2598,Chris Johnson
2599,Wesley Johnson
2602,Jeremy Lin
2603,Greg Monroe
2604,Timofey Mozgov
2606,Gary Neal
2608,Patrick Patterson
2609,Nikola Pekovic
2611,Quincy Pondexter
2613,Samardo Samuels
2614,Larry Sanders
2615,Kevin Seraphin
2618,Ish Smith
2619,Tiago Splitter
2620,Lance Stephenson
2622,Evan Turner
2623,Ekpe Udoh
2625,Greivis Vasquez
2626,John Wall
2628,Hassan Whiteside
2629,Lavoy Allen
2630,Gustavo Ayon
2632,Bismack Biyombo
2633,MarShon Brooks
2634,Alec Burks
2635,Jimmy Butler
2637,Norris Cole
2641,Kenneth Faried
2644,Jimmer Fredette
2647,Jordan Hamilton
2651,Tobias Harris
2656,Kyrie Irving
2657,Reggie Jackson
2658,Charles Jenkins
2660,Ivan Johnson
2663,Cory Joseph
2664,Enes Kanter
2666,Brandon Knight
2668,Kawhi Leonard
2670,Jon Leuer
2671,DeAndre Liggins
2672,Shelvin Mack
2674,E'Twaun Moore
2675,Darius Morris
2676,Marcus Morris
2677,Markieff Morris
2679,Jeremy Pargo
2680,Chandler Parsons
2682,Ricky Rubio
2684,Iman Shumpert
2686,Chris Singleton
2687,Donald Sloan
2690,Greg Stiemsma
2692,Isaiah Thomas
2693,Lance Thomas
2696,Klay Thompson
2698,Tristan Thompson
2699,Jeremy Tyler
2701,Jan Vesely
2702,Nikola Vucevic
2703,Kemba Walker
2704,Derrick Williams
2705,Elliot Williams
2708,Quincy Acy
2710,Harrison Barnes
2711,Will Barton
2712,Aron Baynes
2713,Kent Bazemore
2714,Bradley Beal
2715,Patrick Beverley
2716,Victor Claver
2717,Chris Copeland
2718,Jae Crowder
2720,Anthony Davis
2721,Nando De
2722,Andre Drummond
2724,Festus Ezeli
2725,Evan Fournier
2726,Joel Freeland
2727,Diante Garrett
2728,Draymond Green
2730,Maurice Harkless
2731,John Henson
2732,Justin Holiday
2734,John Jenkins
2735,Orlando Johnson
2739,Perry Jones
2740,Terrence Jones
2742,Michael Kidd-Gilchrist
2744,Doron Lamb
2745,Jeremy Lamb
2746,Meyers Leonard
2747,Damian Lillard
2749,Kendall Marshall
2751,Khris Middleton
2752,Darius Miller
2754,Donatas Motiejunas
2757,Andrew Nicholson
2758,Kyle O'Quinn
2760,Miles Plumlee
2761,Pablo Prigioni
2762,Austin Rivers
2763,Brian Roberts
2764,Thomas Robinson
2765,Terrence Ross
2766,Robert Sacre
2767,Mike Scott
2769,Alexey Shved
2770,Henry Sims
2771,Kyle Singler
2772,Jared Sullinger
2773,Jeffery Taylor
2776,Mirza Teletovic
2777,Jonas Valanciunas
2779,Dion Waiters
2781,Tony Wroten
2783,Tyler Zeller
2784,Steven Adams
2785,Giannis Antetokounmpo
2786,Pero Antic
2788,Anthony Bennett
2791,Reggie Bullock
2792,Trey Burke
2794,Nick Calathes
2795,Kentavious Caldwell-Pope
2796,Isaiah Canaan
2797,Michael Carter-Williams
2799,Ian Clark
2800,Robert Covington
2801,Allen Crabbe
2802,Seth Curry
2803,Troy Daniels
2806,Dewayne Dedmon
2807,Matthew Dellavedova
2808,Gorgui Dieng
2813,Rudy Gobert
2814,Archie Goodwin
2816,Justin Hamilton
2818,Solomon Hill
2820,Robbie Hummel
2821,Sergey Karasev
2822,Ryan Kelly
2824,Shane Larkin
2826,Alex Len
2827,Ray McCallum
2828,C.J. McCollum
2829,Ben McLemore
2832,Shabazz Muhammad
2835,Mike Muscala
2838,Victor Oladipo
2839,Kelly Olynyk
2841,Mason Plumlee
2842,Otto Porter
2843,Phil Pressey
2845,Andre Roberson
2846,Dennis Schroder
2848,Tony Snell
2852,Hollis Thompson
2855,Jeff Withey
2856,Nate Wolters
2857,Cody Zeller
2860,Kyle Anderson
2864,Tarik Black
2865,Bojan Bogdanovic
2867,Markel Brown
2869,Clint Capela
2872,Jordan Clarkson
2876,Spencer Dinwiddie
2879,James Ennis
2880,Tyler Ennis
2881,Dante Exum
2882,Tim Frazier
2883,Langston Galloway
2884,Aaron Gordon
2886,Jerami Grant
2888,JaMychal Green
2889,P.J. Hairston
2890,Gary Harris
2891,Joe Harris
2892,Rodney Hood
2893,Joe Ingles
2897,Tyler Johnson
2898,Sean Kilpatrick
2900,Joffrey Lauvergne
2901,Zach LaVine
2905,K.J. McDaniels
2906,Doug McDermott
2909,Elijah Millsap
2910,Nikola Mirotic
2912,Shabazz Napier
2913,Nerlens Noel
2914,Lucas Nogueira
2915,Jusuf Nurkic
2916,Johnny O'Bryant
2917,Kostas Papanikolaou
2918,Jabari Parker
2919,Adreian Payne
2920,Elfrid Payton
2921,Dwight Powell
2922,Julius Randle
2923,Damjan Rudez
2924,JaKarr Sampson
2925,Marcus Smart
2927,Nik Stauskas
2930,Noah Vonleh
2931,T.J. Warren
2935,Andrew Wiggins
2939,Justin Anderson
2942,Nemanja Bjelica
2943,Devin Booker
2945,Willie Cauley-Stein
2951,Sam Dekker
2954,Cristiano Felicio
2955,Jerian Grant
2956,Montrezl Harrell
2958,Mario Hezonja
2960,Rondae Hollis-Jefferson
2961,Richaun Holmes
2962,Marcelo Huertas
2966,Stanley Johnson
2967,Nikola Jokic
2968,Tyus Jones
2969,Frank Kaminsky
2972,Trey Lyles
2975,T.J. McConnell
2978,Salah Mejri
2981,Emmanuel Mudiay
2983,Raul Neto
2985,Jahlil Okafor
2986,Kelly Oubre
2988,Cameron Payne
2990,Bobby Portis
2991,Kristaps Porzingis
2992,Norman Powell
2993,Willie Reed
2994,Josh Richardson
2995,Terry Rozier
2996,D'Angelo Russell
2997,Jonathon Simmons
3001,Karl-Anthony Towns
3002,Myles Turner
3003,Rashad Vaughn
3006,Justise Winslow
3010,Alex Abrines
3019,Malcolm Brogdon
3020,Jaylen Brown
3022,Marquese Chriss
3026,Malcolm Delaney
3028,Kris Dunn
3032,Yogi Ferrell
3033,Dorian Finney-Smith
3041,Andrew Harrison
3043,Willy Hernangomez
3044,Buddy Hield
3046,Brandon Ingram
3052,Mindaugas Kuzminskas
3056,Caris LeVert
3058,Timothe Luwawu-Cabarrot
3060,Patrick McCaw
3062,Rodney McGruder
3064,Jamal Murray
3078,Domantas Sabonis
3079,Dario Saric
3087,Tyler Ulis
3093,Isaiah Whitehead
